1\,1900-01-01\,1900-01-07
2\,1900-01-07\,1900-01-13
3\,1900-01-13\,1900-01-19
4\,1900-01-19\,1900-01-25
5\,1900-01-25\,1900-01-31
6\,1900-01-31\,1900-02-06
7\,1900-02-06\,1900-02-12
8\,1900-02-12\,1900-02-18
9\,1900-02-18\,1900-02-24
10\,1900-02-24\,1900-03-02
11\,1900-03-02\,1900-03-08
12\,1900-03-08\,1900-03-14
13\,1900-03-14\,1900-03-20
14\,1900-03-20\,1900-03-26
15\,1900-03-26\,1900-04-01
16\,1900-04-01\,1900-04-07
17\,1900-04-07\,1900-04-13
18\,1900-04-13\,1900-04-19
19\,1900-04-19\,1900-04-25
20\,1900-04-25\,1900-05-01
21\,1900-05-01\,1900-05-07
22\,1900-05-07\,1900-05-13
23\,1900-05-13\,1900-05-19
24\,1900-05-19\,1900-05-25
25\,1900-05-25\,1900-05-31
26\,1900-05-31\,1900-06-06
27\,1900-06-06\,1900-06-12
28\,1900-06-12\,1900-06-18
29\,1900-06-18\,1900-06-24
30\,1900-06-24\,1900-06-30
31\,1900-06-30\,1900-07-06
32\,1900-07-06\,1900-07-12
33\,1900-07-12\,1900-07-18
34\,1900-07-18\,1900-07-24
35\,1900-07-24\,1900-07-30
36\,1900-07-30\,1900-08-05
37\,1900-08-05\,1900-08-11
38\,1900-08-11\,1900-08-17
39\,1900-08-17\,1900-08-23
40\,1900-08-23\,1900-08-29
41\,1900-08-29\,1900-09-04
42\,1900-09-04\,1900-09-10
43\,1900-09-10\,1900-09-16
44\,1900-09-16\,1900-09-22
45\,1900-09-22\,1900-09-28
46\,1900-09-28\,1900-10-04
47\,1900-10-04\,1900-10-10
48\,1900-10-10\,1900-10-16
49\,1900-10-16\,1900-10-22
50\,1900-10-22\,1900-10-28
51\,1900-10-28\,1900-11-03
52\,1900-11-03\,1900-11-09
53\,1900-11-09\,1900-11-15
54\,1900-11-15\,1900-11-21
55\,1900-11-21\,1900-11-27
56\,1900-11-27\,1900-12-03
57\,1900-12-03\,1900-12-09
58\,1900-12-09\,1900-12-15
59\,1900-12-15\,1900-12-21
60\,1900-12-21\,1900-12-27
61\,1900-12-27\,1901-01-02
62\,1901-01-02\,1901-01-08
63\,1901-01-08\,1901-01-14
64\,1901-01-14\,1901-01-20
65\,1901-01-20\,1901-01-26
66\,1901-01-26\,1901-02-01
67\,1901-02-01\,1901-02-07
68\,1901-02-07\,1901-02-13
69\,1901-02-13\,1901-02-19
70\,1901-02-19\,1901-02-25
71\,1901-02-25\,1901-03-03
72\,1901-03-03\,1901-03-09
73\,1901-03-09\,1901-03-15
74\,1901-03-15\,1901-03-21
75\,1901-03-21\,1901-03-27
76\,1901-03-27\,1901-04-02
77\,1901-04-02\,1901-04-08
78\,1901-04-08\,1901-04-14
79\,1901-04-14\,1901-04-20
80\,1901-04-20\,1901-04-26
81\,1901-04-26\,1901-05-02
82\,1901-05-02\,1901-05-08
83\,1901-05-08\,1901-05-14
84\,1901-05-14\,1901-05-20
85\,1901-05-20\,1901-05-26
86\,1901-05-26\,1901-06-01
87\,1901-06-01\,1901-06-07
88\,1901-06-07\,1901-06-13
89\,1901-06-13\,1901-06-19
90\,1901-06-19\,1901-06-25
91\,1901-06-25\,1901-07-01
92\,1901-07-01\,1901-07-07
93\,1901-07-07\,1901-07-13
94\,1901-07-13\,1901-07-19
95\,1901-07-19\,1901-07-25
96\,1901-07-25\,1901-07-31
97\,1901-07-31\,1901-08-06
98\,1901-08-06\,1901-08-12
99\,1901-08-12\,1901-08-18
100\,1901-08-18\,1901-08-24
101\,1901-08-24\,1901-08-30
102\,1901-08-30\,1901-09-05
103\,1901-09-05\,1901-09-11
104\,1901-09-11\,1901-09-17
105\,1901-09-17\,1901-09-23
106\,1901-09-23\,1901-09-29
107\,1901-09-29\,1901-10-05
108\,1901-10-05\,1901-10-11
109\,1901-10-11\,1901-10-17
110\,1901-10-17\,1901-10-23
111\,1901-10-23\,1901-10-29
112\,1901-10-29\,1901-11-04
113\,1901-11-04\,1901-11-10
114\,1901-11-10\,1901-11-16
115\,1901-11-16\,1901-11-22
116\,1901-11-22\,1901-11-28
117\,1901-11-28\,1901-12-04
118\,1901-12-04\,1901-12-10
119\,1901-12-10\,1901-12-16
120\,1901-12-16\,1901-12-22
121\,1901-12-22\,1901-12-28
122\,1901-12-28\,1902-01-03
123\,1902-01-03\,1902-01-09
124\,1902-01-09\,1902-01-15
125\,1902-01-15\,1902-01-21
126\,1902-01-21\,1902-01-27
127\,1902-01-27\,1902-02-02
128\,1902-02-02\,1902-02-08
129\,1902-02-08\,1902-02-14
130\,1902-02-14\,1902-02-20
131\,1902-02-20\,1902-02-26
132\,1902-02-26\,1902-03-04
133\,1902-03-04\,1902-03-10
134\,1902-03-10\,1902-03-16
135\,1902-03-16\,1902-03-22
136\,1902-03-22\,1902-03-28
137\,1902-03-28\,1902-04-03
138\,1902-04-03\,1902-04-09
139\,1902-04-09\,1902-04-15
140\,1902-04-15\,1902-04-21
141\,1902-04-21\,1902-04-27
142\,1902-04-27\,1902-05-03
143\,1902-05-03\,1902-05-09
144\,1902-05-09\,1902-05-15
145\,1902-05-15\,1902-05-21
146\,1902-05-21\,1902-05-27
147\,1902-05-27\,1902-06-02
148\,1902-06-02\,1902-06-08
149\,1902-06-08\,1902-06-14
150\,1902-06-14\,1902-06-20
151\,1902-06-20\,1902-06-26
152\,1902-06-26\,1902-07-02
153\,1902-07-02\,1902-07-08
154\,1902-07-08\,1902-07-14
155\,1902-07-14\,1902-07-20
156\,1902-07-20\,1902-07-26
157\,1902-07-26\,1902-08-01
158\,1902-08-01\,1902-08-07
159\,1902-08-07\,1902-08-13
160\,1902-08-13\,1902-08-19
161\,1902-08-19\,1902-08-25
162\,1902-08-25\,1902-08-31
163\,1902-08-31\,1902-09-06
164\,1902-09-06\,1902-09-12
165\,1902-09-12\,1902-09-18
166\,1902-09-18\,1902-09-24
167\,1902-09-24\,1902-09-30
168\,1902-09-30\,1902-10-06
169\,1902-10-06\,1902-10-12
170\,1902-10-12\,1902-10-18
171\,1902-10-18\,1902-10-24
172\,1902-10-24\,1902-10-30
173\,1902-10-30\,1902-11-05
174\,1902-11-05\,1902-11-11
175\,1902-11-11\,1902-11-17
176\,1902-11-17\,1902-11-23
177\,1902-11-23\,1902-11-29
178\,1902-11-29\,1902-12-05
179\,1902-12-05\,1902-12-11
180\,1902-12-11\,1902-12-17
181\,1902-12-17\,1902-12-23
182\,1902-12-23\,1902-12-29
183\,1902-12-29\,1903-01-04
184\,1903-01-04\,1903-01-10
185\,1903-01-10\,1903-01-16
186\,1903-01-16\,1903-01-22
187\,1903-01-22\,1903-01-28
188\,1903-01-28\,1903-02-03
189\,1903-02-03\,1903-02-09
190\,1903-02-09\,1903-02-15
191\,1903-02-15\,1903-02-21
192\,1903-02-21\,1903-02-27
193\,1903-02-27\,1903-03-05
194\,1903-03-05\,1903-03-11
195\,1903-03-11\,1903-03-17
196\,1903-03-17\,1903-03-23
197\,1903-03-23\,1903-03-29
198\,1903-03-29\,1903-04-04
199\,1903-04-04\,1903-04-10
200\,1903-04-10\,1903-04-16
201\,1903-04-16\,1903-04-22
202\,1903-04-22\,1903-04-28
203\,1903-04-28\,1903-05-04
204\,1903-05-04\,1903-05-10
205\,1903-05-10\,1903-05-16
206\,1903-05-16\,1903-05-22
207\,1903-05-22\,1903-05-28
208\,1903-05-28\,1903-06-03
209\,1903-06-03\,1903-06-09
210\,1903-06-09\,1903-06-15
211\,1903-06-15\,1903-06-21
212\,1903-06-21\,1903-06-27
213\,1903-06-27\,1903-07-03
214\,1903-07-03\,1903-07-09
215\,1903-07-09\,1903-07-15
216\,1903-07-15\,1903-07-21
217\,1903-07-21\,1903-07-27
218\,1903-07-27\,1903-08-02
219\,1903-08-02\,1903-08-08
220\,1903-08-08\,1903-08-14
221\,1903-08-14\,1903-08-20
222\,1903-08-20\,1903-08-26
223\,1903-08-26\,1903-09-01
224\,1903-09-01\,1903-09-07
225\,1903-09-07\,1903-09-13
226\,1903-09-13\,1903-09-19
227\,1903-09-19\,1903-09-25
228\,1903-09-25\,1903-10-01
229\,1903-10-01\,1903-10-07
230\,1903-10-07\,1903-10-13
231\,1903-10-13\,1903-10-19
232\,1903-10-19\,1903-10-25
233\,1903-10-25\,1903-10-31
234\,1903-10-31\,1903-11-06
235\,1903-11-06\,1903-11-12
236\,1903-11-12\,1903-11-18
237\,1903-11-18\,1903-11-24
238\,1903-11-24\,1903-11-30
239\,1903-11-30\,1903-12-06
240\,1903-12-06\,1903-12-12
241\,1903-12-12\,1903-12-18
242\,1903-12-18\,1903-12-24
243\,1903-12-24\,1903-12-30
244\,1903-12-30\,1904-01-05
245\,1904-01-05\,1904-01-11
246\,1904-01-11\,1904-01-17
247\,1904-01-17\,1904-01-23
248\,1904-01-23\,1904-01-29
249\,1904-01-29\,1904-02-04
250\,1904-02-04\,1904-02-10
251\,1904-02-10\,1904-02-16
252\,1904-02-16\,1904-02-22
253\,1904-02-22\,1904-02-28
254\,1904-02-28\,1904-03-05
255\,1904-03-05\,1904-03-11
256\,1904-03-11\,1904-03-17
257\,1904-03-17\,1904-03-23
258\,1904-03-23\,1904-03-29
259\,1904-03-29\,1904-04-04
260\,1904-04-04\,1904-04-10
261\,1904-04-10\,1904-04-16
262\,1904-04-16\,1904-04-22
263\,1904-04-22\,1904-04-28
264\,1904-04-28\,1904-05-04
265\,1904-05-04\,1904-05-10
266\,1904-05-10\,1904-05-16
267\,1904-05-16\,1904-05-22
268\,1904-05-22\,1904-05-28
269\,1904-05-28\,1904-06-03
270\,1904-06-03\,1904-06-09
271\,1904-06-09\,1904-06-15
272\,1904-06-15\,1904-06-21
273\,1904-06-21\,1904-06-27
274\,1904-06-27\,1904-07-03
275\,1904-07-03\,1904-07-09
276\,1904-07-09\,1904-07-15
277\,1904-07-15\,1904-07-21
278\,1904-07-21\,1904-07-27
279\,1904-07-27\,1904-08-02
280\,1904-08-02\,1904-08-08
281\,1904-08-08\,1904-08-14
282\,1904-08-14\,1904-08-20
283\,1904-08-20\,1904-08-26
284\,1904-08-26\,1904-09-01
285\,1904-09-01\,1904-09-07
286\,1904-09-07\,1904-09-13
287\,1904-09-13\,1904-09-19
288\,1904-09-19\,1904-09-25
289\,1904-09-25\,1904-10-01
290\,1904-10-01\,1904-10-07
291\,1904-10-07\,1904-10-13
292\,1904-10-13\,1904-10-19
293\,1904-10-19\,1904-10-25
294\,1904-10-25\,1904-10-31
295\,1904-10-31\,1904-11-06
296\,1904-11-06\,1904-11-12
297\,1904-11-12\,1904-11-18
298\,1904-11-18\,1904-11-24
299\,1904-11-24\,1904-11-30
300\,1904-11-30\,1904-12-06
301\,1904-12-06\,1904-12-12
302\,1904-12-12\,1904-12-18
303\,1904-12-18\,1904-12-24
304\,1904-12-24\,1904-12-30
305\,1904-12-30\,1905-01-05
306\,1905-01-05\,1905-01-11
307\,1905-01-11\,1905-01-17
308\,1905-01-17\,1905-01-23
309\,1905-01-23\,1905-01-29
310\,1905-01-29\,1905-02-04
311\,1905-02-04\,1905-02-10
312\,1905-02-10\,1905-02-16
313\,1905-02-16\,1905-02-22
314\,1905-02-22\,1905-02-28
315\,1905-02-28\,1905-03-06
316\,1905-03-06\,1905-03-12
317\,1905-03-12\,1905-03-18
318\,1905-03-18\,1905-03-24
319\,1905-03-24\,1905-03-30
320\,1905-03-30\,1905-04-05
321\,1905-04-05\,1905-04-11
322\,1905-04-11\,1905-04-17
323\,1905-04-17\,1905-04-23
324\,1905-04-23\,1905-04-29
325\,1905-04-29\,1905-05-05
326\,1905-05-05\,1905-05-11
327\,1905-05-11\,1905-05-17
328\,1905-05-17\,1905-05-23
329\,1905-05-23\,1905-05-29
330\,1905-05-29\,1905-06-04
331\,1905-06-04\,1905-06-10
332\,1905-06-10\,1905-06-16
333\,1905-06-16\,1905-06-22
334\,1905-06-22\,1905-06-28
335\,1905-06-28\,1905-07-04
336\,1905-07-04\,1905-07-10
337\,1905-07-10\,1905-07-16
338\,1905-07-16\,1905-07-22
339\,1905-07-22\,1905-07-28
340\,1905-07-28\,1905-08-03
341\,1905-08-03\,1905-08-09
342\,1905-08-09\,1905-08-15
343\,1905-08-15\,1905-08-21
344\,1905-08-21\,1905-08-27
345\,1905-08-27\,1905-09-02
346\,1905-09-02\,1905-09-08
347\,1905-09-08\,1905-09-14
348\,1905-09-14\,1905-09-20
349\,1905-09-20\,1905-09-26
350\,1905-09-26\,1905-10-02
351\,1905-10-02\,1905-10-08
352\,1905-10-08\,1905-10-14
353\,1905-10-14\,1905-10-20
354\,1905-10-20\,1905-10-26
355\,1905-10-26\,1905-11-01
356\,1905-11-01\,1905-11-07
357\,1905-11-07\,1905-11-13
358\,1905-11-13\,1905-11-19
359\,1905-11-19\,1905-11-25
360\,1905-11-25\,1905-12-01
361\,1905-12-01\,1905-12-07
362\,1905-12-07\,1905-12-13
363\,1905-12-13\,1905-12-19
364\,1905-12-19\,1905-12-25
365\,1905-12-25\,1905-12-31
366\,1905-12-31\,1906-01-06
367\,1906-01-06\,1906-01-12
368\,1906-01-12\,1906-01-18
369\,1906-01-18\,1906-01-24
370\,1906-01-24\,1906-01-30
371\,1906-01-30\,1906-02-05
372\,1906-02-05\,1906-02-11
373\,1906-02-11\,1906-02-17
374\,1906-02-17\,1906-02-23
375\,1906-02-23\,1906-03-01
376\,1906-03-01\,1906-03-07
377\,1906-03-07\,1906-03-13
378\,1906-03-13\,1906-03-19
379\,1906-03-19\,1906-03-25
380\,1906-03-25\,1906-03-31
381\,1906-03-31\,1906-04-06
382\,1906-04-06\,1906-04-12
383\,1906-04-12\,1906-04-18
384\,1906-04-18\,1906-04-24
385\,1906-04-24\,1906-04-30
386\,1906-04-30\,1906-05-06
387\,1906-05-06\,1906-05-12
388\,1906-05-12\,1906-05-18
389\,1906-05-18\,1906-05-24
390\,1906-05-24\,1906-05-30
391\,1906-05-30\,1906-06-05
392\,1906-06-05\,1906-06-11
393\,1906-06-11\,1906-06-17
394\,1906-06-17\,1906-06-23
395\,1906-06-23\,1906-06-29
396\,1906-06-29\,1906-07-05
397\,1906-07-05\,1906-07-11
398\,1906-07-11\,1906-07-17
399\,1906-07-17\,1906-07-23
400\,1906-07-23\,1906-07-29
401\,1906-07-29\,1906-08-04
402\,1906-08-04\,1906-08-10
403\,1906-08-10\,1906-08-16
404\,1906-08-16\,1906-08-22
405\,1906-08-22\,1906-08-28
406\,1906-08-28\,1906-09-03
407\,1906-09-03\,1906-09-09
408\,1906-09-09\,1906-09-15
409\,1906-09-15\,1906-09-21
410\,1906-09-21\,1906-09-27
411\,1906-09-27\,1906-10-03
412\,1906-10-03\,1906-10-09
413\,1906-10-09\,1906-10-15
414\,1906-10-15\,1906-10-21
415\,1906-10-21\,1906-10-27
416\,1906-10-27\,1906-11-02
417\,1906-11-02\,1906-11-08
418\,1906-11-08\,1906-11-14
419\,1906-11-14\,1906-11-20
420\,1906-11-20\,1906-11-26
421\,1906-11-26\,1906-12-02
422\,1906-12-02\,1906-12-08
423\,1906-12-08\,1906-12-14
424\,1906-12-14\,1906-12-20
425\,1906-12-20\,1906-12-26
426\,1906-12-26\,1907-01-01
427\,1907-01-01\,1907-01-07
428\,1907-01-07\,1907-01-13
429\,1907-01-13\,1907-01-19
430\,1907-01-19\,1907-01-25
431\,1907-01-25\,1907-01-31
432\,1907-01-31\,1907-02-06
433\,1907-02-06\,1907-02-12
434\,1907-02-12\,1907-02-18
435\,1907-02-18\,1907-02-24
436\,1907-02-24\,1907-03-02
437\,1907-03-02\,1907-03-08
438\,1907-03-08\,1907-03-14
439\,1907-03-14\,1907-03-20
440\,1907-03-20\,1907-03-26
441\,1907-03-26\,1907-04-01
442\,1907-04-01\,1907-04-07
443\,1907-04-07\,1907-04-13
444\,1907-04-13\,1907-04-19
445\,1907-04-19\,1907-04-25
446\,1907-04-25\,1907-05-01
447\,1907-05-01\,1907-05-07
448\,1907-05-07\,1907-05-13
449\,1907-05-13\,1907-05-19
450\,1907-05-19\,1907-05-25
451\,1907-05-25\,1907-05-31
452\,1907-05-31\,1907-06-06
453\,1907-06-06\,1907-06-12
454\,1907-06-12\,1907-06-18
455\,1907-06-18\,1907-06-24
456\,1907-06-24\,1907-06-30
457\,1907-06-30\,1907-07-06
458\,1907-07-06\,1907-07-12
459\,1907-07-12\,1907-07-18
460\,1907-07-18\,1907-07-24
461\,1907-07-24\,1907-07-30
462\,1907-07-30\,1907-08-05
463\,1907-08-05\,1907-08-11
464\,1907-08-11\,1907-08-17
465\,1907-08-17\,1907-08-23
466\,1907-08-23\,1907-08-29
467\,1907-08-29\,1907-09-04
468\,1907-09-04\,1907-09-10
469\,1907-09-10\,1907-09-16
470\,1907-09-16\,1907-09-22
471\,1907-09-22\,1907-09-28
472\,1907-09-28\,1907-10-04
473\,1907-10-04\,1907-10-10
474\,1907-10-10\,1907-10-16
475\,1907-10-16\,1907-10-22
476\,1907-10-22\,1907-10-28
477\,1907-10-28\,1907-11-03
478\,1907-11-03\,1907-11-09
479\,1907-11-09\,1907-11-15
480\,1907-11-15\,1907-11-21
481\,1907-11-21\,1907-11-27
482\,1907-11-27\,1907-12-03
483\,1907-12-03\,1907-12-09
484\,1907-12-09\,1907-12-15
485\,1907-12-15\,1907-12-21
486\,1907-12-21\,1907-12-27
487\,1907-12-27\,1908-01-02
488\,1908-01-02\,1908-01-08
489\,1908-01-08\,1908-01-14
490\,1908-01-14\,1908-01-20
491\,1908-01-20\,1908-01-26
492\,1908-01-26\,1908-02-01
493\,1908-02-01\,1908-02-07
494\,1908-02-07\,1908-02-13
495\,1908-02-13\,1908-02-19
496\,1908-02-19\,1908-02-25
497\,1908-02-25\,1908-03-02
498\,1908-03-02\,1908-03-08
499\,1908-03-08\,1908-03-14
500\,1908-03-14\,1908-03-20
501\,1908-03-20\,1908-03-26
502\,1908-03-26\,1908-04-01
503\,1908-04-01\,1908-04-07
504\,1908-04-07\,1908-04-13
505\,1908-04-13\,1908-04-19
506\,1908-04-19\,1908-04-25
507\,1908-04-25\,1908-05-01
508\,1908-05-01\,1908-05-07
509\,1908-05-07\,1908-05-13
510\,1908-05-13\,1908-05-19
511\,1908-05-19\,1908-05-25
512\,1908-05-25\,1908-05-31
513\,1908-05-31\,1908-06-06
514\,1908-06-06\,1908-06-12
515\,1908-06-12\,1908-06-18
516\,1908-06-18\,1908-06-24
517\,1908-06-24\,1908-06-30
518\,1908-06-30\,1908-07-06
519\,1908-07-06\,1908-07-12
520\,1908-07-12\,1908-07-18
521\,1908-07-18\,1908-07-24
522\,1908-07-24\,1908-07-30
523\,1908-07-30\,1908-08-05
524\,1908-08-05\,1908-08-11
525\,1908-08-11\,1908-08-17
526\,1908-08-17\,1908-08-23
527\,1908-08-23\,1908-08-29
528\,1908-08-29\,1908-09-04
529\,1908-09-04\,1908-09-10
530\,1908-09-10\,1908-09-16
531\,1908-09-16\,1908-09-22
532\,1908-09-22\,1908-09-28
533\,1908-09-28\,1908-10-04
534\,1908-10-04\,1908-10-10
535\,1908-10-10\,1908-10-16
536\,1908-10-16\,1908-10-22
537\,1908-10-22\,1908-10-28
538\,1908-10-28\,1908-11-03
539\,1908-11-03\,1908-11-09
540\,1908-11-09\,1908-11-15
541\,1908-11-15\,1908-11-21
542\,1908-11-21\,1908-11-27
543\,1908-11-27\,1908-12-03
544\,1908-12-03\,1908-12-09
545\,1908-12-09\,1908-12-15
546\,1908-12-15\,1908-12-21
547\,1908-12-21\,1908-12-27
548\,1908-12-27\,1909-01-02
549\,1909-01-02\,1909-01-08
550\,1909-01-08\,1909-01-14
551\,1909-01-14\,1909-01-20
552\,1909-01-20\,1909-01-26
553\,1909-01-26\,1909-02-01
554\,1909-02-01\,1909-02-07
555\,1909-02-07\,1909-02-13
556\,1909-02-13\,1909-02-19
557\,1909-02-19\,1909-02-25
558\,1909-02-25\,1909-03-03
559\,1909-03-03\,1909-03-09
560\,1909-03-09\,1909-03-15
561\,1909-03-15\,1909-03-21
562\,1909-03-21\,1909-03-27
563\,1909-03-27\,1909-04-02
564\,1909-04-02\,1909-04-08
565\,1909-04-08\,1909-04-14
566\,1909-04-14\,1909-04-20
567\,1909-04-20\,1909-04-26
568\,1909-04-26\,1909-05-02
569\,1909-05-02\,1909-05-08
570\,1909-05-08\,1909-05-14
571\,1909-05-14\,1909-05-20
572\,1909-05-20\,1909-05-26
573\,1909-05-26\,1909-06-01
574\,1909-06-01\,1909-06-07
575\,1909-06-07\,1909-06-13
576\,1909-06-13\,1909-06-19
577\,1909-06-19\,1909-06-25
578\,1909-06-25\,1909-07-01
579\,1909-07-01\,1909-07-07
580\,1909-07-07\,1909-07-13
581\,1909-07-13\,1909-07-19
582\,1909-07-19\,1909-07-25
583\,1909-07-25\,1909-07-31
584\,1909-07-31\,1909-08-06
585\,1909-08-06\,1909-08-12
586\,1909-08-12\,1909-08-18
587\,1909-08-18\,1909-08-24
588\,1909-08-24\,1909-08-30
589\,1909-08-30\,1909-09-05
590\,1909-09-05\,1909-09-11
591\,1909-09-11\,1909-09-17
592\,1909-09-17\,1909-09-23
593\,1909-09-23\,1909-09-29
594\,1909-09-29\,1909-10-05
595\,1909-10-05\,1909-10-11
596\,1909-10-11\,1909-10-17
597\,1909-10-17\,1909-10-23
598\,1909-10-23\,1909-10-29
599\,1909-10-29\,1909-11-04
600\,1909-11-04\,1909-11-10
601\,1909-11-10\,1909-11-16
602\,1909-11-16\,1909-11-22
603\,1909-11-22\,1909-11-28
604\,1909-11-28\,1909-12-04
605\,1909-12-04\,1909-12-10
606\,1909-12-10\,1909-12-16
607\,1909-12-16\,1909-12-22
608\,1909-12-22\,1909-12-28
609\,1909-12-28\,1910-01-03
610\,1910-01-03\,1910-01-09
611\,1910-01-09\,1910-01-15
612\,1910-01-15\,1910-01-21
613\,1910-01-21\,1910-01-27
614\,1910-01-27\,1910-02-02
615\,1910-02-02\,1910-02-08
616\,1910-02-08\,1910-02-14
617\,1910-02-14\,1910-02-20
618\,1910-02-20\,1910-02-26
619\,1910-02-26\,1910-03-04
620\,1910-03-04\,1910-03-10
621\,1910-03-10\,1910-03-16
622\,1910-03-16\,1910-03-22
623\,1910-03-22\,1910-03-28
624\,1910-03-28\,1910-04-03
625\,1910-04-03\,1910-04-09
626\,1910-04-09\,1910-04-15
627\,1910-04-15\,1910-04-21
628\,1910-04-21\,1910-04-27
629\,1910-04-27\,1910-05-03
630\,1910-05-03\,1910-05-09
631\,1910-05-09\,1910-05-15
632\,1910-05-15\,1910-05-21
633\,1910-05-21\,1910-05-27
634\,1910-05-27\,1910-06-02
635\,1910-06-02\,1910-06-08
636\,1910-06-08\,1910-06-14
637\,1910-06-14\,1910-06-20
638\,1910-06-20\,1910-06-26
639\,1910-06-26\,1910-07-02
640\,1910-07-02\,1910-07-08
641\,1910-07-08\,1910-07-14
642\,1910-07-14\,1910-07-20
643\,1910-07-20\,1910-07-26
644\,1910-07-26\,1910-08-01
645\,1910-08-01\,1910-08-07
646\,1910-08-07\,1910-08-13
647\,1910-08-13\,1910-08-19
648\,1910-08-19\,1910-08-25
649\,1910-08-25\,1910-08-31
650\,1910-08-31\,1910-09-06
651\,1910-09-06\,1910-09-12
652\,1910-09-12\,1910-09-18
653\,1910-09-18\,1910-09-24
654\,1910-09-24\,1910-09-30
655\,1910-09-30\,1910-10-06
656\,1910-10-06\,1910-10-12
657\,1910-10-12\,1910-10-18
658\,1910-10-18\,1910-10-24
659\,1910-10-24\,1910-10-30
660\,1910-10-30\,1910-11-05
661\,1910-11-05\,1910-11-11
662\,1910-11-11\,1910-11-17
663\,1910-11-17\,1910-11-23
664\,1910-11-23\,1910-11-29
665\,1910-11-29\,1910-12-05
666\,1910-12-05\,1910-12-11
667\,1910-12-11\,1910-12-17
668\,1910-12-17\,1910-12-23
669\,1910-12-23\,1910-12-29
670\,1910-12-29\,1911-01-04
671\,1911-01-04\,1911-01-10
672\,1911-01-10\,1911-01-16
673\,1911-01-16\,1911-01-22
674\,1911-01-22\,1911-01-28
675\,1911-01-28\,1911-02-03
676\,1911-02-03\,1911-02-09
677\,1911-02-09\,1911-02-15
678\,1911-02-15\,1911-02-21
679\,1911-02-21\,1911-02-27
680\,1911-02-27\,1911-03-05
681\,1911-03-05\,1911-03-11
682\,1911-03-11\,1911-03-17
683\,1911-03-17\,1911-03-23
684\,1911-03-23\,1911-03-29
685\,1911-03-29\,1911-04-04
686\,1911-04-04\,1911-04-10
687\,1911-04-10\,1911-04-16
688\,1911-04-16\,1911-04-22
689\,1911-04-22\,1911-04-28
690\,1911-04-28\,1911-05-04
691\,1911-05-04\,1911-05-10
692\,1911-05-10\,1911-05-16
693\,1911-05-16\,1911-05-22
694\,1911-05-22\,1911-05-28
695\,1911-05-28\,1911-06-03
696\,1911-06-03\,1911-06-09
697\,1911-06-09\,1911-06-15
698\,1911-06-15\,1911-06-21
699\,1911-06-21\,1911-06-27
700\,1911-06-27\,1911-07-03
701\,1911-07-03\,1911-07-09
702\,1911-07-09\,1911-07-15
703\,1911-07-15\,1911-07-21
704\,1911-07-21\,1911-07-27
705\,1911-07-27\,1911-08-02
706\,1911-08-02\,1911-08-08
707\,1911-08-08\,1911-08-14
708\,1911-08-14\,1911-08-20
709\,1911-08-20\,1911-08-26
710\,1911-08-26\,1911-09-01
711\,1911-09-01\,1911-09-07
712\,1911-09-07\,1911-09-13
713\,1911-09-13\,1911-09-19
714\,1911-09-19\,1911-09-25
715\,1911-09-25\,1911-10-01
716\,1911-10-01\,1911-10-07
717\,1911-10-07\,1911-10-13
718\,1911-10-13\,1911-10-19
719\,1911-10-19\,1911-10-25
720\,1911-10-25\,1911-10-31
721\,1911-10-31\,1911-11-06
722\,1911-11-06\,1911-11-12
723\,1911-11-12\,1911-11-18
724\,1911-11-18\,1911-11-24
725\,1911-11-24\,1911-11-30
726\,1911-11-30\,1911-12-06
727\,1911-12-06\,1911-12-12
728\,1911-12-12\,1911-12-18
729\,1911-12-18\,1911-12-24
730\,1911-12-24\,1911-12-30
731\,1911-12-30\,1912-01-05
732\,1912-01-05\,1912-01-11
733\,1912-01-11\,1912-01-17
734\,1912-01-17\,1912-01-23
735\,1912-01-23\,1912-01-29
736\,1912-01-29\,1912-02-04
737\,1912-02-04\,1912-02-10
738\,1912-02-10\,1912-02-16
739\,1912-02-16\,1912-02-22
740\,1912-02-22\,1912-02-28
741\,1912-02-28\,1912-03-05
742\,1912-03-05\,1912-03-11
743\,1912-03-11\,1912-03-17
744\,1912-03-17\,1912-03-23
745\,1912-03-23\,1912-03-29
746\,1912-03-29\,1912-04-04
747\,1912-04-04\,1912-04-10
748\,1912-04-10\,1912-04-16
749\,1912-04-16\,1912-04-22
750\,1912-04-22\,1912-04-28
751\,1912-04-28\,1912-05-04
752\,1912-05-04\,1912-05-10
753\,1912-05-10\,1912-05-16
754\,1912-05-16\,1912-05-22
755\,1912-05-22\,1912-05-28
756\,1912-05-28\,1912-06-03
757\,1912-06-03\,1912-06-09
758\,1912-06-09\,1912-06-15
759\,1912-06-15\,1912-06-21
760\,1912-06-21\,1912-06-27
761\,1912-06-27\,1912-07-03
762\,1912-07-03\,1912-07-09
763\,1912-07-09\,1912-07-15
764\,1912-07-15\,1912-07-21
765\,1912-07-21\,1912-07-27
766\,1912-07-27\,1912-08-02
767\,1912-08-02\,1912-08-08
768\,1912-08-08\,1912-08-14
769\,1912-08-14\,1912-08-20
770\,1912-08-20\,1912-08-26
771\,1912-08-26\,1912-09-01
772\,1912-09-01\,1912-09-07
773\,1912-09-07\,1912-09-13
774\,1912-09-13\,1912-09-19
775\,1912-09-19\,1912-09-25
776\,1912-09-25\,1912-10-01
777\,1912-10-01\,1912-10-07
778\,1912-10-07\,1912-10-13
779\,1912-10-13\,1912-10-19
780\,1912-10-19\,1912-10-25
781\,1912-10-25\,1912-10-31
782\,1912-10-31\,1912-11-06
783\,1912-11-06\,1912-11-12
784\,1912-11-12\,1912-11-18
785\,1912-11-18\,1912-11-24
786\,1912-11-24\,1912-11-30
787\,1912-11-30\,1912-12-06
788\,1912-12-06\,1912-12-12
789\,1912-12-12\,1912-12-18
790\,1912-12-18\,1912-12-24
791\,1912-12-24\,1912-12-30
792\,1912-12-30\,1913-01-05
793\,1913-01-05\,1913-01-11
794\,1913-01-11\,1913-01-17
795\,1913-01-17\,1913-01-23
796\,1913-01-23\,1913-01-29
797\,1913-01-29\,1913-02-04
798\,1913-02-04\,1913-02-10
799\,1913-02-10\,1913-02-16
800\,1913-02-16\,1913-02-22
801\,1913-02-22\,1913-02-28
802\,1913-02-28\,1913-03-06
803\,1913-03-06\,1913-03-12
804\,1913-03-12\,1913-03-18
805\,1913-03-18\,1913-03-24
806\,1913-03-24\,1913-03-30
807\,1913-03-30\,1913-04-05
808\,1913-04-05\,1913-04-11
809\,1913-04-11\,1913-04-17
810\,1913-04-17\,1913-04-23
811\,1913-04-23\,1913-04-29
812\,1913-04-29\,1913-05-05
813\,1913-05-05\,1913-05-11
814\,1913-05-11\,1913-05-17
815\,1913-05-17\,1913-05-23
816\,1913-05-23\,1913-05-29
817\,1913-05-29\,1913-06-04
818\,1913-06-04\,1913-06-10
819\,1913-06-10\,1913-06-16
820\,1913-06-16\,1913-06-22
821\,1913-06-22\,1913-06-28
822\,1913-06-28\,1913-07-04
823\,1913-07-04\,1913-07-10
824\,1913-07-10\,1913-07-16
825\,1913-07-16\,1913-07-22
826\,1913-07-22\,1913-07-28
827\,1913-07-28\,1913-08-03
828\,1913-08-03\,1913-08-09
829\,1913-08-09\,1913-08-15
830\,1913-08-15\,1913-08-21
831\,1913-08-21\,1913-08-27
832\,1913-08-27\,1913-09-02
833\,1913-09-02\,1913-09-08
834\,1913-09-08\,1913-09-14
835\,1913-09-14\,1913-09-20
836\,1913-09-20\,1913-09-26
837\,1913-09-26\,1913-10-02
838\,1913-10-02\,1913-10-08
839\,1913-10-08\,1913-10-14
840\,1913-10-14\,1913-10-20
841\,1913-10-20\,1913-10-26
842\,1913-10-26\,1913-11-01
843\,1913-11-01\,1913-11-07
844\,1913-11-07\,1913-11-13
845\,1913-11-13\,1913-11-19
846\,1913-11-19\,1913-11-25
847\,1913-11-25\,1913-12-01
848\,1913-12-01\,1913-12-07
849\,1913-12-07\,1913-12-13
850\,1913-12-13\,1913-12-19
851\,1913-12-19\,1913-12-25
852\,1913-12-25\,1913-12-31
853\,1913-12-31\,1914-01-06
854\,1914-01-06\,1914-01-12
855\,1914-01-12\,1914-01-18
856\,1914-01-18\,1914-01-24
857\,1914-01-24\,1914-01-30
858\,1914-01-30\,1914-02-05
859\,1914-02-05\,1914-02-11
860\,1914-02-11\,1914-02-17
861\,1914-02-17\,1914-02-23
862\,1914-02-23\,1914-03-01
863\,1914-03-01\,1914-03-07
864\,1914-03-07\,1914-03-13
865\,1914-03-13\,1914-03-19
866\,1914-03-19\,1914-03-25
867\,1914-03-25\,1914-03-31
868\,1914-03-31\,1914-04-06
869\,1914-04-06\,1914-04-12
870\,1914-04-12\,1914-04-18
871\,1914-04-18\,1914-04-24
872\,1914-04-24\,1914-04-30
873\,1914-04-30\,1914-05-06
874\,1914-05-06\,1914-05-12
875\,1914-05-12\,1914-05-18
876\,1914-05-18\,1914-05-24
877\,1914-05-24\,1914-05-30
878\,1914-05-30\,1914-06-05
879\,1914-06-05\,1914-06-11
880\,1914-06-11\,1914-06-17
881\,1914-06-17\,1914-06-23
882\,1914-06-23\,1914-06-29
883\,1914-06-29\,1914-07-05
884\,1914-07-05\,1914-07-11
885\,1914-07-11\,1914-07-17
886\,1914-07-17\,1914-07-23
887\,1914-07-23\,1914-07-29
888\,1914-07-29\,1914-08-04
889\,1914-08-04\,1914-08-10
890\,1914-08-10\,1914-08-16
891\,1914-08-16\,1914-08-22
892\,1914-08-22\,1914-08-28
893\,1914-08-28\,1914-09-03
894\,1914-09-03\,1914-09-09
895\,1914-09-09\,1914-09-15
896\,1914-09-15\,1914-09-21
897\,1914-09-21\,1914-09-27
898\,1914-09-27\,1914-10-03
899\,1914-10-03\,1914-10-09
900\,1914-10-09\,1914-10-15
901\,1914-10-15\,1914-10-21
902\,1914-10-21\,1914-10-27
903\,1914-10-27\,1914-11-02
904\,1914-11-02\,1914-11-08
905\,1914-11-08\,1914-11-14
906\,1914-11-14\,1914-11-20
907\,1914-11-20\,1914-11-26
908\,1914-11-26\,1914-12-02
909\,1914-12-02\,1914-12-08
910\,1914-12-08\,1914-12-14
911\,1914-12-14\,1914-12-20
912\,1914-12-20\,1914-12-26
913\,1914-12-26\,1915-01-01
914\,1915-01-01\,1915-01-07
915\,1915-01-07\,1915-01-13
916\,1915-01-13\,1915-01-19
917\,1915-01-19\,1915-01-25
918\,1915-01-25\,1915-01-31
919\,1915-01-31\,1915-02-06
920\,1915-02-06\,1915-02-12
921\,1915-02-12\,1915-02-18
922\,1915-02-18\,1915-02-24
923\,1915-02-24\,1915-03-02
924\,1915-03-02\,1915-03-08
925\,1915-03-08\,1915-03-14
926\,1915-03-14\,1915-03-20
927\,1915-03-20\,1915-03-26
928\,1915-03-26\,1915-04-01
929\,1915-04-01\,1915-04-07
930\,1915-04-07\,1915-04-13
931\,1915-04-13\,1915-04-19
932\,1915-04-19\,1915-04-25
933\,1915-04-25\,1915-05-01
934\,1915-05-01\,1915-05-07
935\,1915-05-07\,1915-05-13
936\,1915-05-13\,1915-05-19
937\,1915-05-19\,1915-05-25
938\,1915-05-25\,1915-05-31
939\,1915-05-31\,1915-06-06
940\,1915-06-06\,1915-06-12
941\,1915-06-12\,1915-06-18
942\,1915-06-18\,1915-06-24
943\,1915-06-24\,1915-06-30
944\,1915-06-30\,1915-07-06
945\,1915-07-06\,1915-07-12
946\,1915-07-12\,1915-07-18
947\,1915-07-18\,1915-07-24
948\,1915-07-24\,1915-07-30
949\,1915-07-30\,1915-08-05
950\,1915-08-05\,1915-08-11
951\,1915-08-11\,1915-08-17
952\,1915-08-17\,1915-08-23
953\,1915-08-23\,1915-08-29
954\,1915-08-29\,1915-09-04
955\,1915-09-04\,1915-09-10
956\,1915-09-10\,1915-09-16
957\,1915-09-16\,1915-09-22
958\,1915-09-22\,1915-09-28
959\,1915-09-28\,1915-10-04
960\,1915-10-04\,1915-10-10
961\,1915-10-10\,1915-10-16
962\,1915-10-16\,1915-10-22
963\,1915-10-22\,1915-10-28
964\,1915-10-28\,1915-11-03
965\,1915-11-03\,1915-11-09
966\,1915-11-09\,1915-11-15
967\,1915-11-15\,1915-11-21
968\,1915-11-21\,1915-11-27
969\,1915-11-27\,1915-12-03
970\,1915-12-03\,1915-12-09
971\,1915-12-09\,1915-12-15
972\,1915-12-15\,1915-12-21
973\,1915-12-21\,1915-12-27
974\,1915-12-27\,1916-01-02
975\,1916-01-02\,1916-01-08
976\,1916-01-08\,1916-01-14
977\,1916-01-14\,1916-01-20
978\,1916-01-20\,1916-01-26
979\,1916-01-26\,1916-02-01
980\,1916-02-01\,1916-02-07
981\,1916-02-07\,1916-02-13
982\,1916-02-13\,1916-02-19
983\,1916-02-19\,1916-02-25
984\,1916-02-25\,1916-03-02
985\,1916-03-02\,1916-03-08
986\,1916-03-08\,1916-03-14
987\,1916-03-14\,1916-03-20
988\,1916-03-20\,1916-03-26
989\,1916-03-26\,1916-04-01
990\,1916-04-01\,1916-04-07
991\,1916-04-07\,1916-04-13
992\,1916-04-13\,1916-04-19
993\,1916-04-19\,1916-04-25
994\,1916-04-25\,1916-05-01
995\,1916-05-01\,1916-05-07
996\,1916-05-07\,1916-05-13
997\,1916-05-13\,1916-05-19
998\,1916-05-19\,1916-05-25
999\,1916-05-25\,1916-05-31
